{
  "Total" : {
    "transaction" : "Total",
    "sampleCount" : 300,
    "errorCount" : 60,
    "errorPct" : 20.0,
    "meanResTime" : 134.4666666666666,
    "medianResTime" : 130.0,
    "minResTime" : 120.0,
    "maxResTime" : 461.0,
    "pct1ResTime" : 139.0,
    "pct2ResTime" : 144.0,
    "pct3ResTime" : 391.95000000000005,
    "throughput" : 4.9970850337303245,
    "receivedKBytesPerSec" : 17.253965134921298,
    "sentKBytesPerSec" : 1.068712521862247
  },
  "HTTP Request" : {
    "transaction" : "HTTP Request",
    "sampleCount" : 300,
    "errorCount" : 60,
    "errorPct" : 20.0,
    "meanResTime" : 134.4666666666666,
    "medianResTime" : 130.0,
    "minResTime" : 120.0,
    "maxResTime" : 461.0,
    "pct1ResTime" : 139.0,
    "pct2ResTime" : 144.0,
    "pct3ResTime" : 391.95000000000005,
    "throughput" : 4.9970850337303245,
    "receivedKBytesPerSec" : 17.253965134921298,
    "sentKBytesPerSec" : 1.068712521862247
  }
}